Region ID,Min Longitude,Min Latitude,Max Longitude,Max Latitude,Center Longitude,Center Latitude
0,114.45109424787951,30.269591,114.46151205319946,30.278574111749908,114.45630315053948,30.274082555874955
1,114.46151205319946,30.269591,114.4719298585194,30.278574111749908,114.46672095585943,30.274082555874955
2,114.48234766383935,30.269591,114.4927654691593,30.278574111749908,114.48755656649932,30.274082555874955
3,114.50318327447924,30.269591,114.51360107979919,30.278574111749908,114.50839217713921,30.274082555874955
4,114.51360107979919,30.269591,114.52401888511913,30.278574111749908,114.51880998245916,30.274082555874955
5,114.52401888511913,30.269591,114.53443669043908,30.278574111749908,114.5292277877791,30.274082555874955
6,114.45109424787951,30.278574111749908,114.46151205319946,30.287557223499817,114.45630315053948,30.283065667624864
7,114.46151205319946,30.278574111749908,114.4719298585194,30.287557223499817,114.46672095585943,30.283065667624864
8,114.4719298585194,30.278574111749908,114.48234766383935,30.287557223499817,114.47713876117938,30.283065667624864
9,114.48234766383935,30.278574111749908,114.4927654691593,30.287557223499817,114.48755656649932,30.283065667624864
10,114.4927654691593,30.278574111749908,114.50318327447924,30.287557223499817,114.49797437181927,30.283065667624864
11,114.50318327447924,30.278574111749908,114.51360107979919,30.287557223499817,114.50839217713921,30.283065667624864
12,114.51360107979919,30.278574111749908,114.52401888511913,30.287557223499817,114.51880998245916,30.283065667624864
13,114.52401888511913,30.278574111749908,114.53443669043908,30.287557223499817,114.5292277877791,30.283065667624864
14,114.53443669043908,30.278574111749908,114.54485449575903,30.287557223499817,114.53964559309905,30.283065667624864
15,114.44067644255956,30.287557223499817,114.45109424787951,30.296540335249727,114.44588534521954,30.292048779374774
16,114.45109424787951,30.287557223499817,114.46151205319946,30.296540335249727,114.45630315053948,30.292048779374774
17,114.46151205319946,30.287557223499817,114.4719298585194,30.296540335249727,114.46672095585943,30.292048779374774
18,114.4719298585194,30.287557223499817,114.48234766383935,30.296540335249727,114.47713876117938,30.292048779374774
19,114.48234766383935,30.287557223499817,114.4927654691593,30.296540335249727,114.48755656649932,30.292048779374774
20,114.4927654691593,30.287557223499817,114.50318327447924,30.296540335249727,114.49797437181927,30.292048779374774
21,114.50318327447924,30.287557223499817,114.51360107979919,30.296540335249727,114.50839217713921,30.292048779374774
22,114.51360107979919,30.287557223499817,114.52401888511913,30.296540335249727,114.51880998245916,30.292048779374774
23,114.52401888511913,30.287557223499817,114.53443669043908,30.296540335249727,114.5292277877791,30.292048779374774
24,114.53443669043908,30.287557223499817,114.54485449575903,30.296540335249727,114.53964559309905,30.292048779374774
25,114.54485449575903,30.287557223499817,114.55527230107897,30.296540335249727,114.550063398419,30.292048779374774
26,114.55527230107897,30.287557223499817,114.56569010639892,30.296540335249727,114.56048120373895,30.292048779374774
27,114.56569010639892,30.287557223499817,114.57610791171886,30.296540335249727,114.57089900905889,30.292048779374774
28,114.57610791171886,30.287557223499817,114.58652571703881,30.296540335249727,114.58131681437884,30.292048779374774
29,114.44067644255956,30.296540335249727,114.45109424787951,30.305523446999636,114.44588534521954,30.301031891124683
30,114.45109424787951,30.296540335249727,114.46151205319946,30.305523446999636,114.45630315053948,30.301031891124683
31,114.46151205319946,30.296540335249727,114.4719298585194,30.305523446999636,114.46672095585943,30.301031891124683
32,114.4719298585194,30.296540335249727,114.48234766383935,30.305523446999636,114.47713876117938,30.301031891124683
33,114.48234766383935,30.296540335249727,114.4927654691593,30.305523446999636,114.48755656649932,30.301031891124683
34,114.4927654691593,30.296540335249727,114.50318327447924,30.305523446999636,114.49797437181927,30.301031891124683
35,114.50318327447924,30.296540335249727,114.51360107979919,30.305523446999636,114.50839217713921,30.301031891124683
36,114.51360107979919,30.296540335249727,114.52401888511913,30.305523446999636,114.51880998245916,30.301031891124683
37,114.52401888511913,30.296540335249727,114.53443669043908,30.305523446999636,114.5292277877791,30.301031891124683
38,114.53443669043908,30.296540335249727,114.54485449575903,30.305523446999636,114.53964559309905,30.301031891124683
39,114.54485449575903,30.296540335249727,114.55527230107897,30.305523446999636,114.550063398419,30.301031891124683
40,114.55527230107897,30.296540335249727,114.56569010639892,30.305523446999636,114.56048120373895,30.301031891124683
41,114.56569010639892,30.296540335249727,114.57610791171886,30.305523446999636,114.57089900905889,30.301031891124683
42,114.57610791171886,30.296540335249727,114.58652571703881,30.305523446999636,114.58131681437884,30.301031891124683
43,114.58652571703881,30.296540335249727,114.59694352235876,30.305523446999636,114.59173461969878,30.301031891124683
44,114.59694352235876,30.296540335249727,114.6073613276787,30.305523446999636,114.60215242501873,30.301031891124683
45,114.43025863723962,30.305523446999636,114.44067644255956,30.314506558749546,114.43546753989959,30.310015002874593
46,114.44067644255956,30.305523446999636,114.45109424787951,30.314506558749546,114.44588534521954,30.310015002874593
47,114.45109424787951,30.305523446999636,114.46151205319946,30.314506558749546,114.45630315053948,30.310015002874593
48,114.46151205319946,30.305523446999636,114.4719298585194,30.314506558749546,114.46672095585943,30.310015002874593
49,114.4719298585194,30.305523446999636,114.48234766383935,30.314506558749546,114.47713876117938,30.310015002874593
50,114.48234766383935,30.305523446999636,114.4927654691593,30.314506558749546,114.48755656649932,30.310015002874593
51,114.4927654691593,30.305523446999636,114.50318327447924,30.314506558749546,114.49797437181927,30.310015002874593
52,114.50318327447924,30.305523446999636,114.51360107979919,30.314506558749546,114.50839217713921,30.310015002874593
53,114.51360107979919,30.305523446999636,114.52401888511913,30.314506558749546,114.51880998245916,30.310015002874593
54,114.52401888511913,30.305523446999636,114.53443669043908,30.314506558749546,114.5292277877791,30.310015002874593
55,114.53443669043908,30.305523446999636,114.54485449575903,30.314506558749546,114.53964559309905,30.310015002874593
56,114.54485449575903,30.305523446999636,114.55527230107897,30.314506558749546,114.550063398419,30.310015002874593
57,114.55527230107897,30.305523446999636,114.56569010639892,30.314506558749546,114.56048120373895,30.310015002874593
58,114.56569010639892,30.305523446999636,114.57610791171886,30.314506558749546,114.57089900905889,30.310015002874593
59,114.57610791171886,30.305523446999636,114.58652571703881,30.314506558749546,114.58131681437884,30.310015002874593
60,114.58652571703881,30.305523446999636,114.59694352235876,30.314506558749546,114.59173461969878,30.310015002874593
61,114.59694352235876,30.305523446999636,114.6073613276787,30.314506558749546,114.60215242501873,30.310015002874593
62,114.43025863723962,30.314506558749546,114.44067644255956,30.323489670499455,114.43546753989959,30.318998114624502
63,114.44067644255956,30.314506558749546,114.45109424787951,30.323489670499455,114.44588534521954,30.318998114624502
64,114.45109424787951,30.314506558749546,114.46151205319946,30.323489670499455,114.45630315053948,30.318998114624502
65,114.46151205319946,30.314506558749546,114.4719298585194,30.323489670499455,114.46672095585943,30.318998114624502
66,114.4719298585194,30.314506558749546,114.48234766383935,30.323489670499455,114.47713876117938,30.318998114624502
67,114.48234766383935,30.314506558749546,114.4927654691593,30.323489670499455,114.48755656649932,30.318998114624502
68,114.4927654691593,30.314506558749546,114.50318327447924,30.323489670499455,114.49797437181927,30.318998114624502
69,114.50318327447924,30.314506558749546,114.51360107979919,30.323489670499455,114.50839217713921,30.318998114624502
70,114.51360107979919,30.314506558749546,114.52401888511913,30.323489670499455,114.51880998245916,30.318998114624502
71,114.52401888511913,30.314506558749546,114.53443669043908,30.323489670499455,114.5292277877791,30.318998114624502
72,114.53443669043908,30.314506558749546,114.54485449575903,30.323489670499455,114.53964559309905,30.318998114624502
73,114.54485449575903,30.314506558749546,114.55527230107897,30.323489670499455,114.550063398419,30.318998114624502
74,114.55527230107897,30.314506558749546,114.56569010639892,30.323489670499455,114.56048120373895,30.318998114624502
75,114.56569010639892,30.314506558749546,114.57610791171886,30.323489670499455,114.57089900905889,30.318998114624502
76,114.57610791171886,30.314506558749546,114.58652571703881,30.323489670499455,114.58131681437884,30.318998114624502
77,114.58652571703881,30.314506558749546,114.59694352235876,30.323489670499455,114.59173461969878,30.318998114624502
78,114.59694352235876,30.314506558749546,114.6073613276787,30.323489670499455,114.60215242501873,30.318998114624502
79,114.40942302659973,30.323489670499455,114.41984083191967,30.332472782249365,114.4146319292597,30.327981226374412
80,114.41984083191967,30.323489670499455,114.43025863723962,30.332472782249365,114.42504973457964,30.327981226374412
81,114.43025863723962,30.323489670499455,114.44067644255956,30.332472782249365,114.43546753989959,30.327981226374412
82,114.44067644255956,30.323489670499455,114.45109424787951,30.332472782249365,114.44588534521954,30.327981226374412
83,114.45109424787951,30.323489670499455,114.46151205319946,30.332472782249365,114.45630315053948,30.327981226374412
84,114.46151205319946,30.323489670499455,114.4719298585194,30.332472782249365,114.46672095585943,30.327981226374412
85,114.4719298585194,30.323489670499455,114.48234766383935,30.332472782249365,114.47713876117938,30.327981226374412
86,114.48234766383935,30.323489670499455,114.4927654691593,30.332472782249365,114.48755656649932,30.327981226374412
87,114.4927654691593,30.323489670499455,114.50318327447924,30.332472782249365,114.49797437181927,30.327981226374412
88,114.50318327447924,30.323489670499455,114.51360107979919,30.332472782249365,114.50839217713921,30.327981226374412
89,114.51360107979919,30.323489670499455,114.52401888511913,30.332472782249365,114.51880998245916,30.327981226374412
90,114.52401888511913,30.323489670499455,114.53443669043908,30.332472782249365,114.5292277877791,30.327981226374412
91,114.53443669043908,30.323489670499455,114.54485449575903,30.332472782249365,114.53964559309905,30.327981226374412
92,114.54485449575903,30.323489670499455,114.55527230107897,30.332472782249365,114.550063398419,30.327981226374412
93,114.55527230107897,30.323489670499455,114.56569010639892,30.332472782249365,114.56048120373895,30.327981226374412
94,114.56569010639892,30.323489670499455,114.57610791171886,30.332472782249365,114.57089900905889,30.327981226374412
95,114.57610791171886,30.323489670499455,114.58652571703881,30.332472782249365,114.58131681437884,30.327981226374412
96,114.58652571703881,30.323489670499455,114.59694352235876,30.332472782249365,114.59173461969878,30.327981226374412
97,114.39900522127978,30.332472782249365,114.40942302659973,30.341455893999274,114.40421412393975,30.33696433812432
98,114.40942302659973,30.332472782249365,114.41984083191967,30.341455893999274,114.4146319292597,30.33696433812432
99,114.41984083191967,30.332472782249365,114.43025863723962,30.341455893999274,114.42504973457964,30.33696433812432
100,114.43025863723962,30.332472782249365,114.44067644255956,30.341455893999274,114.43546753989959,30.33696433812432
101,114.44067644255956,30.332472782249365,114.45109424787951,30.341455893999274,114.44588534521954,30.33696433812432
102,114.45109424787951,30.332472782249365,114.46151205319946,30.341455893999274,114.45630315053948,30.33696433812432
103,114.46151205319946,30.332472782249365,114.4719298585194,30.341455893999274,114.46672095585943,30.33696433812432
104,114.4719298585194,30.332472782249365,114.48234766383935,30.341455893999274,114.47713876117938,30.33696433812432
105,114.48234766383935,30.332472782249365,114.4927654691593,30.341455893999274,114.48755656649932,30.33696433812432
106,114.4927654691593,30.332472782249365,114.50318327447924,30.341455893999274,114.49797437181927,30.33696433812432
107,114.50318327447924,30.332472782249365,114.51360107979919,30.341455893999274,114.50839217713921,30.33696433812432
108,114.51360107979919,30.332472782249365,114.52401888511913,30.341455893999274,114.51880998245916,30.33696433812432
109,114.52401888511913,30.332472782249365,114.53443669043908,30.341455893999274,114.5292277877791,30.33696433812432
110,114.53443669043908,30.332472782249365,114.54485449575903,30.341455893999274,114.53964559309905,30.33696433812432
111,114.54485449575903,30.332472782249365,114.55527230107897,30.341455893999274,114.550063398419,30.33696433812432
112,114.55527230107897,30.332472782249365,114.56569010639892,30.341455893999274,114.56048120373895,30.33696433812432
113,114.56569010639892,30.332472782249365,114.57610791171886,30.341455893999274,114.57089900905889,30.33696433812432
114,114.57610791171886,30.332472782249365,114.58652571703881,30.341455893999274,114.58131681437884,30.33696433812432
115,114.58652571703881,30.332472782249365,114.59694352235876,30.341455893999274,114.59173461969878,30.33696433812432
116,114.39900522127978,30.341455893999274,114.40942302659973,30.350439005749184,114.40421412393975,30.34594744987423
117,114.40942302659973,30.341455893999274,114.41984083191967,30.350439005749184,114.4146319292597,30.34594744987423
118,114.41984083191967,30.341455893999274,114.43025863723962,30.350439005749184,114.42504973457964,30.34594744987423
119,114.43025863723962,30.341455893999274,114.44067644255956,30.350439005749184,114.43546753989959,30.34594744987423
120,114.44067644255956,30.341455893999274,114.45109424787951,30.350439005749184,114.44588534521954,30.34594744987423
121,114.45109424787951,30.341455893999274,114.46151205319946,30.350439005749184,114.45630315053948,30.34594744987423
122,114.46151205319946,30.341455893999274,114.4719298585194,30.350439005749184,114.46672095585943,30.34594744987423
123,114.4719298585194,30.341455893999274,114.48234766383935,30.350439005749184,114.47713876117938,30.34594744987423
124,114.48234766383935,30.341455893999274,114.4927654691593,30.350439005749184,114.48755656649932,30.34594744987423
125,114.4927654691593,30.341455893999274,114.50318327447924,30.350439005749184,114.49797437181927,30.34594744987423
126,114.50318327447924,30.341455893999274,114.51360107979919,30.350439005749184,114.50839217713921,30.34594744987423
127,114.51360107979919,30.341455893999274,114.52401888511913,30.350439005749184,114.51880998245916,30.34594744987423
128,114.52401888511913,30.341455893999274,114.53443669043908,30.350439005749184,114.5292277877791,30.34594744987423
129,114.53443669043908,30.341455893999274,114.54485449575903,30.350439005749184,114.53964559309905,30.34594744987423
130,114.54485449575903,30.341455893999274,114.55527230107897,30.350439005749184,114.550063398419,30.34594744987423
131,114.55527230107897,30.341455893999274,114.56569010639892,30.350439005749184,114.56048120373895,30.34594744987423
132,114.56569010639892,30.341455893999274,114.57610791171886,30.350439005749184,114.57089900905889,30.34594744987423
133,114.57610791171886,30.341455893999274,114.58652571703881,30.350439005749184,114.58131681437884,30.34594744987423
134,114.58652571703881,30.341455893999274,114.59694352235876,30.350439005749184,114.59173461969878,30.34594744987423
135,114.43025863723962,30.350439005749184,114.44067644255956,30.359422117499093,114.43546753989959,30.35493056162414
136,114.44067644255956,30.350439005749184,114.45109424787951,30.359422117499093,114.44588534521954,30.35493056162414
137,114.45109424787951,30.350439005749184,114.46151205319946,30.359422117499093,114.45630315053948,30.35493056162414
138,114.46151205319946,30.350439005749184,114.4719298585194,30.359422117499093,114.46672095585943,30.35493056162414
139,114.4719298585194,30.350439005749184,114.48234766383935,30.359422117499093,114.47713876117938,30.35493056162414
140,114.48234766383935,30.350439005749184,114.4927654691593,30.359422117499093,114.48755656649932,30.35493056162414
141,114.4927654691593,30.350439005749184,114.50318327447924,30.359422117499093,114.49797437181927,30.35493056162414
142,114.50318327447924,30.350439005749184,114.51360107979919,30.359422117499093,114.50839217713921,30.35493056162414
143,114.51360107979919,30.350439005749184,114.52401888511913,30.359422117499093,114.51880998245916,30.35493056162414
144,114.52401888511913,30.350439005749184,114.53443669043908,30.359422117499093,114.5292277877791,30.35493056162414
145,114.53443669043908,30.350439005749184,114.54485449575903,30.359422117499093,114.53964559309905,30.35493056162414
146,114.54485449575903,30.350439005749184,114.55527230107897,30.359422117499093,114.550063398419,30.35493056162414
147,114.55527230107897,30.350439005749184,114.56569010639892,30.359422117499093,114.56048120373895,30.35493056162414
148,114.56569010639892,30.350439005749184,114.57610791171886,30.359422117499093,114.57089900905889,30.35493056162414
149,114.57610791171886,30.350439005749184,114.58652571703881,30.359422117499093,114.58131681437884,30.35493056162414
150,114.58652571703881,30.350439005749184,114.59694352235876,30.359422117499093,114.59173461969878,30.35493056162414
151,114.44067644255956,30.359422117499093,114.45109424787951,30.368405229249003,114.44588534521954,30.36391367337405
152,114.45109424787951,30.359422117499093,114.46151205319946,30.368405229249003,114.45630315053948,30.36391367337405
153,114.46151205319946,30.359422117499093,114.4719298585194,30.368405229249003,114.46672095585943,30.36391367337405
154,114.4719298585194,30.359422117499093,114.48234766383935,30.368405229249003,114.47713876117938,30.36391367337405
155,114.48234766383935,30.359422117499093,114.4927654691593,30.368405229249003,114.48755656649932,30.36391367337405
156,114.4927654691593,30.359422117499093,114.50318327447924,30.368405229249003,114.49797437181927,30.36391367337405
157,114.50318327447924,30.359422117499093,114.51360107979919,30.368405229249003,114.50839217713921,30.36391367337405
158,114.51360107979919,30.359422117499093,114.52401888511913,30.368405229249003,114.51880998245916,30.36391367337405
159,114.52401888511913,30.359422117499093,114.53443669043908,30.368405229249003,114.5292277877791,30.36391367337405
160,114.53443669043908,30.359422117499093,114.54485449575903,30.368405229249003,114.53964559309905,30.36391367337405
161,114.54485449575903,30.359422117499093,114.55527230107897,30.368405229249003,114.550063398419,30.36391367337405
162,114.55527230107897,30.359422117499093,114.56569010639892,30.368405229249003,114.56048120373895,30.36391367337405
163,114.56569010639892,30.359422117499093,114.57610791171886,30.368405229249003,114.57089900905889,30.36391367337405
164,114.57610791171886,30.359422117499093,114.58652571703881,30.368405229249003,114.58131681437884,30.36391367337405
165,114.44067644255956,30.368405229249003,114.45109424787951,30.377388340998912,114.44588534521954,30.37289678512396
166,114.45109424787951,30.368405229249003,114.46151205319946,30.377388340998912,114.45630315053948,30.37289678512396
167,114.46151205319946,30.368405229249003,114.4719298585194,30.377388340998912,114.46672095585943,30.37289678512396
168,114.4719298585194,30.368405229249003,114.48234766383935,30.377388340998912,114.47713876117938,30.37289678512396
169,114.48234766383935,30.368405229249003,114.4927654691593,30.377388340998912,114.48755656649932,30.37289678512396
170,114.4927654691593,30.368405229249003,114.50318327447924,30.377388340998912,114.49797437181927,30.37289678512396
171,114.50318327447924,30.368405229249003,114.51360107979919,30.377388340998912,114.50839217713921,30.37289678512396
172,114.51360107979919,30.368405229249003,114.52401888511913,30.377388340998912,114.51880998245916,30.37289678512396
173,114.52401888511913,30.368405229249003,114.53443669043908,30.377388340998912,114.5292277877791,30.37289678512396
174,114.53443669043908,30.368405229249003,114.54485449575903,30.377388340998912,114.53964559309905,30.37289678512396
175,114.54485449575903,30.368405229249003,114.55527230107897,30.377388340998912,114.550063398419,30.37289678512396
176,114.55527230107897,30.368405229249003,114.56569010639892,30.377388340998912,114.56048120373895,30.37289678512396
177,114.56569010639892,30.368405229249003,114.57610791171886,30.377388340998912,114.57089900905889,30.37289678512396
178,114.57610791171886,30.368405229249003,114.58652571703881,30.377388340998912,114.58131681437884,30.37289678512396
179,114.43025863723962,30.377388340998912,114.44067644255956,30.386371452748822,114.43546753989959,30.38187989687387
180,114.44067644255956,30.377388340998912,114.45109424787951,30.386371452748822,114.44588534521954,30.38187989687387
181,114.45109424787951,30.377388340998912,114.46151205319946,30.386371452748822,114.45630315053948,30.38187989687387
182,114.46151205319946,30.377388340998912,114.4719298585194,30.386371452748822,114.46672095585943,30.38187989687387
183,114.4719298585194,30.377388340998912,114.48234766383935,30.386371452748822,114.47713876117938,30.38187989687387
184,114.48234766383935,30.377388340998912,114.4927654691593,30.386371452748822,114.48755656649932,30.38187989687387
185,114.4927654691593,30.377388340998912,114.50318327447924,30.386371452748822,114.49797437181927,30.38187989687387
186,114.50318327447924,30.377388340998912,114.51360107979919,30.386371452748822,114.50839217713921,30.38187989687387
187,114.51360107979919,30.377388340998912,114.52401888511913,30.386371452748822,114.51880998245916,30.38187989687387
188,114.52401888511913,30.377388340998912,114.53443669043908,30.386371452748822,114.5292277877791,30.38187989687387
189,114.53443669043908,30.377388340998912,114.54485449575903,30.386371452748822,114.53964559309905,30.38187989687387
190,114.54485449575903,30.377388340998912,114.55527230107897,30.386371452748822,114.550063398419,30.38187989687387
191,114.55527230107897,30.377388340998912,114.56569010639892,30.386371452748822,114.56048120373895,30.38187989687387
192,114.56569010639892,30.377388340998912,114.57610791171886,30.386371452748822,114.57089900905889,30.38187989687387
193,114.57610791171886,30.377388340998912,114.58652571703881,30.386371452748822,114.58131681437884,30.38187989687387
194,114.43025863723962,30.386371452748822,114.44067644255956,30.39535456449873,114.43546753989959,30.39086300862378
195,114.44067644255956,30.386371452748822,114.45109424787951,30.39535456449873,114.44588534521954,30.39086300862378
196,114.45109424787951,30.386371452748822,114.46151205319946,30.39535456449873,114.45630315053948,30.39086300862378
197,114.46151205319946,30.386371452748822,114.4719298585194,30.39535456449873,114.46672095585943,30.39086300862378
198,114.4719298585194,30.386371452748822,114.48234766383935,30.39535456449873,114.47713876117938,30.39086300862378
199,114.48234766383935,30.386371452748822,114.4927654691593,30.39535456449873,114.48755656649932,30.39086300862378
200,114.4927654691593,30.386371452748822,114.50318327447924,30.39535456449873,114.49797437181927,30.39086300862378
201,114.50318327447924,30.386371452748822,114.51360107979919,30.39535456449873,114.50839217713921,30.39086300862378
202,114.51360107979919,30.386371452748822,114.52401888511913,30.39535456449873,114.51880998245916,30.39086300862378
203,114.52401888511913,30.386371452748822,114.53443669043908,30.39535456449873,114.5292277877791,30.39086300862378
204,114.53443669043908,30.386371452748822,114.54485449575903,30.39535456449873,114.53964559309905,30.39086300862378
205,114.54485449575903,30.386371452748822,114.55527230107897,30.39535456449873,114.550063398419,30.39086300862378
206,114.55527230107897,30.386371452748822,114.56569010639892,30.39535456449873,114.56048120373895,30.39086300862378
207,114.56569010639892,30.386371452748822,114.57610791171886,30.39535456449873,114.57089900905889,30.39086300862378
208,114.57610791171886,30.386371452748822,114.58652571703881,30.39535456449873,114.58131681437884,30.39086300862378
209,114.58652571703881,30.386371452748822,114.59694352235876,30.39535456449873,114.59173461969878,30.39086300862378
210,114.43025863723962,30.39535456449873,114.44067644255956,30.40433767624864,114.43546753989959,30.399846120373688
211,114.44067644255956,30.39535456449873,114.45109424787951,30.40433767624864,114.44588534521954,30.399846120373688
212,114.45109424787951,30.39535456449873,114.46151205319946,30.40433767624864,114.45630315053948,30.399846120373688
213,114.46151205319946,30.39535456449873,114.4719298585194,30.40433767624864,114.46672095585943,30.399846120373688
214,114.4719298585194,30.39535456449873,114.48234766383935,30.40433767624864,114.47713876117938,30.399846120373688
215,114.48234766383935,30.39535456449873,114.4927654691593,30.40433767624864,114.48755656649932,30.399846120373688
216,114.4927654691593,30.39535456449873,114.50318327447924,30.40433767624864,114.49797437181927,30.399846120373688
217,114.50318327447924,30.39535456449873,114.51360107979919,30.40433767624864,114.50839217713921,30.399846120373688
218,114.51360107979919,30.39535456449873,114.52401888511913,30.40433767624864,114.51880998245916,30.399846120373688
219,114.52401888511913,30.39535456449873,114.53443669043908,30.40433767624864,114.5292277877791,30.399846120373688
220,114.53443669043908,30.39535456449873,114.54485449575903,30.40433767624864,114.53964559309905,30.399846120373688
221,114.54485449575903,30.39535456449873,114.55527230107897,30.40433767624864,114.550063398419,30.399846120373688
222,114.55527230107897,30.39535456449873,114.56569010639892,30.40433767624864,114.56048120373895,30.399846120373688
223,114.56569010639892,30.39535456449873,114.57610791171886,30.40433767624864,114.57089900905889,30.399846120373688
224,114.57610791171886,30.39535456449873,114.58652571703881,30.40433767624864,114.58131681437884,30.399846120373688
225,114.58652571703881,30.39535456449873,114.59694352235876,30.40433767624864,114.59173461969878,30.399846120373688
226,114.41984083191967,30.40433767624864,114.43025863723962,30.41332078799855,114.42504973457964,30.408829232123598
227,114.43025863723962,30.40433767624864,114.44067644255956,30.41332078799855,114.43546753989959,30.408829232123598
228,114.44067644255956,30.40433767624864,114.45109424787951,30.41332078799855,114.44588534521954,30.408829232123598
229,114.45109424787951,30.40433767624864,114.46151205319946,30.41332078799855,114.45630315053948,30.408829232123598
230,114.46151205319946,30.40433767624864,114.4719298585194,30.41332078799855,114.46672095585943,30.408829232123598
231,114.4719298585194,30.40433767624864,114.48234766383935,30.41332078799855,114.47713876117938,30.408829232123598
232,114.48234766383935,30.40433767624864,114.4927654691593,30.41332078799855,114.48755656649932,30.408829232123598
233,114.4927654691593,30.40433767624864,114.50318327447924,30.41332078799855,114.49797437181927,30.408829232123598
234,114.50318327447924,30.40433767624864,114.51360107979919,30.41332078799855,114.50839217713921,30.408829232123598
235,114.51360107979919,30.40433767624864,114.52401888511913,30.41332078799855,114.51880998245916,30.408829232123598
236,114.52401888511913,30.40433767624864,114.53443669043908,30.41332078799855,114.5292277877791,30.408829232123598
237,114.53443669043908,30.40433767624864,114.54485449575903,30.41332078799855,114.53964559309905,30.408829232123598
238,114.54485449575903,30.40433767624864,114.55527230107897,30.41332078799855,114.550063398419,30.408829232123598
239,114.55527230107897,30.40433767624864,114.56569010639892,30.41332078799855,114.56048120373895,30.408829232123598
240,114.56569010639892,30.40433767624864,114.57610791171886,30.41332078799855,114.57089900905889,30.408829232123598
241,114.57610791171886,30.40433767624864,114.58652571703881,30.41332078799855,114.58131681437884,30.408829232123598
242,114.58652571703881,30.40433767624864,114.59694352235876,30.41332078799855,114.59173461969878,30.408829232123598
243,114.43025863723962,30.41332078799855,114.44067644255956,30.42230389974846,114.43546753989959,30.417812343873507
244,114.44067644255956,30.41332078799855,114.45109424787951,30.42230389974846,114.44588534521954,30.417812343873507
245,114.45109424787951,30.41332078799855,114.46151205319946,30.42230389974846,114.45630315053948,30.417812343873507
246,114.46151205319946,30.41332078799855,114.4719298585194,30.42230389974846,114.46672095585943,30.417812343873507
247,114.4719298585194,30.41332078799855,114.48234766383935,30.42230389974846,114.47713876117938,30.417812343873507
248,114.48234766383935,30.41332078799855,114.4927654691593,30.42230389974846,114.48755656649932,30.417812343873507
249,114.4927654691593,30.41332078799855,114.50318327447924,30.42230389974846,114.49797437181927,30.417812343873507
250,114.50318327447924,30.41332078799855,114.51360107979919,30.42230389974846,114.50839217713921,30.417812343873507
251,114.51360107979919,30.41332078799855,114.52401888511913,30.42230389974846,114.51880998245916,30.417812343873507
252,114.52401888511913,30.41332078799855,114.53443669043908,30.42230389974846,114.5292277877791,30.417812343873507
253,114.53443669043908,30.41332078799855,114.54485449575903,30.42230389974846,114.53964559309905,30.417812343873507
254,114.54485449575903,30.41332078799855,114.55527230107897,30.42230389974846,114.550063398419,30.417812343873507
255,114.55527230107897,30.41332078799855,114.56569010639892,30.42230389974846,114.56048120373895,30.417812343873507
256,114.56569010639892,30.41332078799855,114.57610791171886,30.42230389974846,114.57089900905889,30.417812343873507
257,114.57610791171886,30.41332078799855,114.58652571703881,30.42230389974846,114.58131681437884,30.417812343873507
258,114.58652571703881,30.41332078799855,114.59694352235876,30.42230389974846,114.59173461969878,30.417812343873507
259,114.37816961063989,30.42230389974846,114.38858741595983,30.43128701149837,114.38337851329986,30.426795455623417
260,114.43025863723962,30.42230389974846,114.44067644255956,30.43128701149837,114.43546753989959,30.426795455623417
261,114.44067644255956,30.42230389974846,114.45109424787951,30.43128701149837,114.44588534521954,30.426795455623417
262,114.45109424787951,30.42230389974846,114.46151205319946,30.43128701149837,114.45630315053948,30.426795455623417
263,114.46151205319946,30.42230389974846,114.4719298585194,30.43128701149837,114.46672095585943,30.426795455623417
264,114.4719298585194,30.42230389974846,114.48234766383935,30.43128701149837,114.47713876117938,30.426795455623417
265,114.48234766383935,30.42230389974846,114.4927654691593,30.43128701149837,114.48755656649932,30.426795455623417
266,114.4927654691593,30.42230389974846,114.50318327447924,30.43128701149837,114.49797437181927,30.426795455623417
267,114.50318327447924,30.42230389974846,114.51360107979919,30.43128701149837,114.50839217713921,30.426795455623417
268,114.51360107979919,30.42230389974846,114.52401888511913,30.43128701149837,114.51880998245916,30.426795455623417
269,114.52401888511913,30.42230389974846,114.53443669043908,30.43128701149837,114.5292277877791,30.426795455623417
270,114.53443669043908,30.42230389974846,114.54485449575903,30.43128701149837,114.53964559309905,30.426795455623417
271,114.54485449575903,30.42230389974846,114.55527230107897,30.43128701149837,114.550063398419,30.426795455623417
272,114.55527230107897,30.42230389974846,114.56569010639892,30.43128701149837,114.56048120373895,30.426795455623417
273,114.56569010639892,30.42230389974846,114.57610791171886,30.43128701149837,114.57089900905889,30.426795455623417
274,114.57610791171886,30.42230389974846,114.58652571703881,30.43128701149837,114.58131681437884,30.426795455623417
275,114.58652571703881,30.42230389974846,114.59694352235876,30.43128701149837,114.59173461969878,30.426795455623417
276,114.357334,30.43128701149837,114.36775180531994,30.44027012324828,114.36254290265997,30.435778567373326
277,114.36775180531994,30.43128701149837,114.37816961063989,30.44027012324828,114.37296070797991,30.435778567373326
278,114.37816961063989,30.43128701149837,114.38858741595983,30.44027012324828,114.38337851329986,30.435778567373326
279,114.38858741595983,30.43128701149837,114.39900522127978,30.44027012324828,114.3937963186198,30.435778567373326
280,114.41984083191967,30.43128701149837,114.43025863723962,30.44027012324828,114.42504973457964,30.435778567373326
281,114.43025863723962,30.43128701149837,114.44067644255956,30.44027012324828,114.43546753989959,30.435778567373326
282,114.44067644255956,30.43128701149837,114.45109424787951,30.44027012324828,114.44588534521954,30.435778567373326
283,114.45109424787951,30.43128701149837,114.46151205319946,30.44027012324828,114.45630315053948,30.435778567373326
284,114.46151205319946,30.43128701149837,114.4719298585194,30.44027012324828,114.46672095585943,30.435778567373326
285,114.4719298585194,30.43128701149837,114.48234766383935,30.44027012324828,114.47713876117938,30.435778567373326
286,114.48234766383935,30.43128701149837,114.4927654691593,30.44027012324828,114.48755656649932,30.435778567373326
287,114.4927654691593,30.43128701149837,114.50318327447924,30.44027012324828,114.49797437181927,30.435778567373326
288,114.50318327447924,30.43128701149837,114.51360107979919,30.44027012324828,114.50839217713921,30.435778567373326
289,114.51360107979919,30.43128701149837,114.52401888511913,30.44027012324828,114.51880998245916,30.435778567373326
290,114.52401888511913,30.43128701149837,114.53443669043908,30.44027012324828,114.5292277877791,30.435778567373326
291,114.53443669043908,30.43128701149837,114.54485449575903,30.44027012324828,114.53964559309905,30.435778567373326
292,114.54485449575903,30.43128701149837,114.55527230107897,30.44027012324828,114.550063398419,30.435778567373326
293,114.55527230107897,30.43128701149837,114.56569010639892,30.44027012324828,114.56048120373895,30.435778567373326
294,114.56569010639892,30.43128701149837,114.57610791171886,30.44027012324828,114.57089900905889,30.435778567373326
295,114.57610791171886,30.43128701149837,114.58652571703881,30.44027012324828,114.58131681437884,30.435778567373326
296,114.357334,30.44027012324828,114.36775180531994,30.44925323499819,114.36254290265997,30.444761679123236
297,114.36775180531994,30.44027012324828,114.37816961063989,30.44925323499819,114.37296070797991,30.444761679123236
298,114.37816961063989,30.44027012324828,114.38858741595983,30.44925323499819,114.38337851329986,30.444761679123236
299,114.38858741595983,30.44027012324828,114.39900522127978,30.44925323499819,114.3937963186198,30.444761679123236
300,114.39900522127978,30.44027012324828,114.40942302659973,30.44925323499819,114.40421412393975,30.444761679123236
301,114.40942302659973,30.44027012324828,114.41984083191967,30.44925323499819,114.4146319292597,30.444761679123236
302,114.41984083191967,30.44027012324828,114.43025863723962,30.44925323499819,114.42504973457964,30.444761679123236
303,114.43025863723962,30.44027012324828,114.44067644255956,30.44925323499819,114.43546753989959,30.444761679123236
304,114.44067644255956,30.44027012324828,114.45109424787951,30.44925323499819,114.44588534521954,30.444761679123236
305,114.45109424787951,30.44027012324828,114.46151205319946,30.44925323499819,114.45630315053948,30.444761679123236
306,114.46151205319946,30.44027012324828,114.4719298585194,30.44925323499819,114.46672095585943,30.444761679123236
307,114.4719298585194,30.44027012324828,114.48234766383935,30.44925323499819,114.47713876117938,30.444761679123236
308,114.48234766383935,30.44027012324828,114.4927654691593,30.44925323499819,114.48755656649932,30.444761679123236
309,114.4927654691593,30.44027012324828,114.50318327447924,30.44925323499819,114.49797437181927,30.444761679123236
310,114.50318327447924,30.44027012324828,114.51360107979919,30.44925323499819,114.50839217713921,30.444761679123236
311,114.51360107979919,30.44027012324828,114.52401888511913,30.44925323499819,114.51880998245916,30.444761679123236
312,114.52401888511913,30.44027012324828,114.53443669043908,30.44925323499819,114.5292277877791,30.444761679123236
313,114.53443669043908,30.44027012324828,114.54485449575903,30.44925323499819,114.53964559309905,30.444761679123236
314,114.54485449575903,30.44027012324828,114.55527230107897,30.44925323499819,114.550063398419,30.444761679123236
315,114.55527230107897,30.44027012324828,114.56569010639892,30.44925323499819,114.56048120373895,30.444761679123236
316,114.56569010639892,30.44027012324828,114.57610791171886,30.44925323499819,114.57089900905889,30.444761679123236
317,114.57610791171886,30.44027012324828,114.58652571703881,30.44925323499819,114.58131681437884,30.444761679123236
318,114.58652571703881,30.44027012324828,114.59694352235876,30.44925323499819,114.59173461969878,30.444761679123236
319,114.357334,30.44925323499819,114.36775180531994,30.458236346748098,114.36254290265997,30.453744790873145
320,114.36775180531994,30.44925323499819,114.37816961063989,30.458236346748098,114.37296070797991,30.453744790873145
321,114.37816961063989,30.44925323499819,114.38858741595983,30.458236346748098,114.38337851329986,30.453744790873145
322,114.38858741595983,30.44925323499819,114.39900522127978,30.458236346748098,114.3937963186198,30.453744790873145
323,114.39900522127978,30.44925323499819,114.40942302659973,30.458236346748098,114.40421412393975,30.453744790873145
324,114.40942302659973,30.44925323499819,114.41984083191967,30.458236346748098,114.4146319292597,30.453744790873145
325,114.41984083191967,30.44925323499819,114.43025863723962,30.458236346748098,114.42504973457964,30.453744790873145
326,114.43025863723962,30.44925323499819,114.44067644255956,30.458236346748098,114.43546753989959,30.453744790873145
327,114.44067644255956,30.44925323499819,114.45109424787951,30.458236346748098,114.44588534521954,30.453744790873145
328,114.45109424787951,30.44925323499819,114.46151205319946,30.458236346748098,114.45630315053948,30.453744790873145
329,114.46151205319946,30.44925323499819,114.4719298585194,30.458236346748098,114.46672095585943,30.453744790873145
330,114.4719298585194,30.44925323499819,114.48234766383935,30.458236346748098,114.47713876117938,30.453744790873145
331,114.48234766383935,30.44925323499819,114.4927654691593,30.458236346748098,114.48755656649932,30.453744790873145
332,114.4927654691593,30.44925323499819,114.50318327447924,30.458236346748098,114.49797437181927,30.453744790873145
333,114.50318327447924,30.44925323499819,114.51360107979919,30.458236346748098,114.50839217713921,30.453744790873145
334,114.51360107979919,30.44925323499819,114.52401888511913,30.458236346748098,114.51880998245916,30.453744790873145
335,114.52401888511913,30.44925323499819,114.53443669043908,30.458236346748098,114.5292277877791,30.453744790873145
336,114.53443669043908,30.44925323499819,114.54485449575903,30.458236346748098,114.53964559309905,30.453744790873145
337,114.54485449575903,30.44925323499819,114.55527230107897,30.458236346748098,114.550063398419,30.453744790873145
338,114.55527230107897,30.44925323499819,114.56569010639892,30.458236346748098,114.56048120373895,30.453744790873145
339,114.56569010639892,30.44925323499819,114.57610791171886,30.458236346748098,114.57089900905889,30.453744790873145
340,114.57610791171886,30.44925323499819,114.58652571703881,30.458236346748098,114.58131681437884,30.453744790873145
341,114.58652571703881,30.44925323499819,114.59694352235876,30.458236346748098,114.59173461969878,30.453744790873145
342,114.59694352235876,30.44925323499819,114.6073613276787,30.458236346748098,114.60215242501873,30.453744790873145
343,114.6073613276787,30.44925323499819,114.61777913299865,30.458236346748098,114.61257023033868,30.453744790873145
344,114.61777913299865,30.44925323499819,114.6281969383186,30.458236346748098,114.62298803565862,30.453744790873145
345,114.357334,30.458236346748098,114.36775180531994,30.467219458498008,114.36254290265997,30.462727902623055
346,114.36775180531994,30.458236346748098,114.37816961063989,30.467219458498008,114.37296070797991,30.462727902623055
347,114.37816961063989,30.458236346748098,114.38858741595983,30.467219458498008,114.38337851329986,30.462727902623055
348,114.38858741595983,30.458236346748098,114.39900522127978,30.467219458498008,114.3937963186198,30.462727902623055
349,114.39900522127978,30.458236346748098,114.40942302659973,30.467219458498008,114.40421412393975,30.462727902623055
350,114.40942302659973,30.458236346748098,114.41984083191967,30.467219458498008,114.4146319292597,30.462727902623055
351,114.41984083191967,30.458236346748098,114.43025863723962,30.467219458498008,114.42504973457964,30.462727902623055
352,114.43025863723962,30.458236346748098,114.44067644255956,30.467219458498008,114.43546753989959,30.462727902623055
353,114.44067644255956,30.458236346748098,114.45109424787951,30.467219458498008,114.44588534521954,30.462727902623055
354,114.45109424787951,30.458236346748098,114.46151205319946,30.467219458498008,114.45630315053948,30.462727902623055
355,114.46151205319946,30.458236346748098,114.4719298585194,30.467219458498008,114.46672095585943,30.462727902623055
356,114.4719298585194,30.458236346748098,114.48234766383935,30.467219458498008,114.47713876117938,30.462727902623055
357,114.48234766383935,30.458236346748098,114.4927654691593,30.467219458498008,114.48755656649932,30.462727902623055
358,114.4927654691593,30.458236346748098,114.50318327447924,30.467219458498008,114.49797437181927,30.462727902623055
359,114.50318327447924,30.458236346748098,114.51360107979919,30.467219458498008,114.50839217713921,30.462727902623055
360,114.51360107979919,30.458236346748098,114.52401888511913,30.467219458498008,114.51880998245916,30.462727902623055
361,114.52401888511913,30.458236346748098,114.53443669043908,30.467219458498008,114.5292277877791,30.462727902623055
362,114.53443669043908,30.458236346748098,114.54485449575903,30.467219458498008,114.53964559309905,30.462727902623055
363,114.54485449575903,30.458236346748098,114.55527230107897,30.467219458498008,114.550063398419,30.462727902623055
364,114.55527230107897,30.458236346748098,114.56569010639892,30.467219458498008,114.56048120373895,30.462727902623055
365,114.56569010639892,30.458236346748098,114.57610791171886,30.467219458498008,114.57089900905889,30.462727902623055
366,114.57610791171886,30.458236346748098,114.58652571703881,30.467219458498008,114.58131681437884,30.462727902623055
367,114.58652571703881,30.458236346748098,114.59694352235876,30.467219458498008,114.59173461969878,30.462727902623055
368,114.59694352235876,30.458236346748098,114.6073613276787,30.467219458498008,114.60215242501873,30.462727902623055
369,114.6073613276787,30.458236346748098,114.61777913299865,30.467219458498008,114.61257023033868,30.462727902623055
370,114.61777913299865,30.458236346748098,114.6281969383186,30.467219458498008,114.62298803565862,30.462727902623055
371,114.357334,30.467219458498008,114.36775180531994,30.476202570247917,114.36254290265997,30.471711014372964
372,114.36775180531994,30.467219458498008,114.37816961063989,30.476202570247917,114.37296070797991,30.471711014372964
373,114.37816961063989,30.467219458498008,114.38858741595983,30.476202570247917,114.38337851329986,30.471711014372964
374,114.38858741595983,30.467219458498008,114.39900522127978,30.476202570247917,114.3937963186198,30.471711014372964
375,114.39900522127978,30.467219458498008,114.40942302659973,30.476202570247917,114.40421412393975,30.471711014372964
376,114.40942302659973,30.467219458498008,114.41984083191967,30.476202570247917,114.4146319292597,30.471711014372964
377,114.41984083191967,30.467219458498008,114.43025863723962,30.476202570247917,114.42504973457964,30.471711014372964
378,114.43025863723962,30.467219458498008,114.44067644255956,30.476202570247917,114.43546753989959,30.471711014372964
379,114.44067644255956,30.467219458498008,114.45109424787951,30.476202570247917,114.44588534521954,30.471711014372964
380,114.45109424787951,30.467219458498008,114.46151205319946,30.476202570247917,114.45630315053948,30.471711014372964
381,114.46151205319946,30.467219458498008,114.4719298585194,30.476202570247917,114.46672095585943,30.471711014372964
382,114.4719298585194,30.467219458498008,114.48234766383935,30.476202570247917,114.47713876117938,30.471711014372964
383,114.48234766383935,30.467219458498008,114.4927654691593,30.476202570247917,114.48755656649932,30.471711014372964
384,114.4927654691593,30.467219458498008,114.50318327447924,30.476202570247917,114.49797437181927,30.471711014372964
385,114.50318327447924,30.467219458498008,114.51360107979919,30.476202570247917,114.50839217713921,30.471711014372964
386,114.51360107979919,30.467219458498008,114.52401888511913,30.476202570247917,114.51880998245916,30.471711014372964
387,114.52401888511913,30.467219458498008,114.53443669043908,30.476202570247917,114.5292277877791,30.471711014372964
388,114.53443669043908,30.467219458498008,114.54485449575903,30.476202570247917,114.53964559309905,30.471711014372964
389,114.54485449575903,30.467219458498008,114.55527230107897,30.476202570247917,114.550063398419,30.471711014372964
390,114.55527230107897,30.467219458498008,114.56569010639892,30.476202570247917,114.56048120373895,30.471711014372964
391,114.56569010639892,30.467219458498008,114.57610791171886,30.476202570247917,114.57089900905889,30.471711014372964
392,114.57610791171886,30.467219458498008,114.58652571703881,30.476202570247917,114.58131681437884,30.471711014372964
393,114.58652571703881,30.467219458498008,114.59694352235876,30.476202570247917,114.59173461969878,30.471711014372964
394,114.59694352235876,30.467219458498008,114.6073613276787,30.476202570247917,114.60215242501873,30.471711014372964
395,114.6073613276787,30.467219458498008,114.61777913299865,30.476202570247917,114.61257023033868,30.471711014372964
396,114.61777913299865,30.467219458498008,114.6281969383186,30.476202570247917,114.62298803565862,30.471711014372964
397,114.6281969383186,30.467219458498008,114.63861474363854,30.476202570247917,114.63340584097857,30.471711014372964
398,114.63861474363854,30.467219458498008,114.64903254895849,30.476202570247917,114.64382364629851,30.471711014372964
399,114.36775180531994,30.476202570247917,114.37816961063989,30.485185681997827,114.37296070797991,30.480694126122874
400,114.37816961063989,30.476202570247917,114.38858741595983,30.485185681997827,114.38337851329986,30.480694126122874
401,114.38858741595983,30.476202570247917,114.39900522127978,30.485185681997827,114.3937963186198,30.480694126122874
402,114.39900522127978,30.476202570247917,114.40942302659973,30.485185681997827,114.40421412393975,30.480694126122874
403,114.40942302659973,30.476202570247917,114.41984083191967,30.485185681997827,114.4146319292597,30.480694126122874
404,114.41984083191967,30.476202570247917,114.43025863723962,30.485185681997827,114.42504973457964,30.480694126122874
405,114.43025863723962,30.476202570247917,114.44067644255956,30.485185681997827,114.43546753989959,30.480694126122874
406,114.44067644255956,30.476202570247917,114.45109424787951,30.485185681997827,114.44588534521954,30.480694126122874
407,114.45109424787951,30.476202570247917,114.46151205319946,30.485185681997827,114.45630315053948,30.480694126122874
408,114.46151205319946,30.476202570247917,114.4719298585194,30.485185681997827,114.46672095585943,30.480694126122874
409,114.4719298585194,30.476202570247917,114.48234766383935,30.485185681997827,114.47713876117938,30.480694126122874
410,114.48234766383935,30.476202570247917,114.4927654691593,30.485185681997827,114.48755656649932,30.480694126122874
411,114.4927654691593,30.476202570247917,114.50318327447924,30.485185681997827,114.49797437181927,30.480694126122874
412,114.50318327447924,30.476202570247917,114.51360107979919,30.485185681997827,114.50839217713921,30.480694126122874
413,114.51360107979919,30.476202570247917,114.52401888511913,30.485185681997827,114.51880998245916,30.480694126122874
414,114.52401888511913,30.476202570247917,114.53443669043908,30.485185681997827,114.5292277877791,30.480694126122874
415,114.53443669043908,30.476202570247917,114.54485449575903,30.485185681997827,114.53964559309905,30.480694126122874
416,114.54485449575903,30.476202570247917,114.55527230107897,30.485185681997827,114.550063398419,30.480694126122874
417,114.55527230107897,30.476202570247917,114.56569010639892,30.485185681997827,114.56048120373895,30.480694126122874
418,114.56569010639892,30.476202570247917,114.57610791171886,30.485185681997827,114.57089900905889,30.480694126122874
419,114.57610791171886,30.476202570247917,114.58652571703881,30.485185681997827,114.58131681437884,30.480694126122874
420,114.58652571703881,30.476202570247917,114.59694352235876,30.485185681997827,114.59173461969878,30.480694126122874
421,114.59694352235876,30.476202570247917,114.6073613276787,30.485185681997827,114.60215242501873,30.480694126122874
422,114.6073613276787,30.476202570247917,114.61777913299865,30.485185681997827,114.61257023033868,30.480694126122874
423,114.61777913299865,30.476202570247917,114.6281969383186,30.485185681997827,114.62298803565862,30.480694126122874
424,114.6281969383186,30.476202570247917,114.63861474363854,30.485185681997827,114.63340584097857,30.480694126122874
425,114.63861474363854,30.476202570247917,114.64903254895849,30.485185681997827,114.64382364629851,30.480694126122874
426,114.357334,30.485185681997827,114.36775180531994,30.494168793747736,114.36254290265997,30.489677237872783
427,114.36775180531994,30.485185681997827,114.37816961063989,30.494168793747736,114.37296070797991,30.489677237872783
428,114.37816961063989,30.485185681997827,114.38858741595983,30.494168793747736,114.38337851329986,30.489677237872783
429,114.38858741595983,30.485185681997827,114.39900522127978,30.494168793747736,114.3937963186198,30.489677237872783
430,114.39900522127978,30.485185681997827,114.40942302659973,30.494168793747736,114.40421412393975,30.489677237872783
431,114.40942302659973,30.485185681997827,114.41984083191967,30.494168793747736,114.4146319292597,30.489677237872783
432,114.41984083191967,30.485185681997827,114.43025863723962,30.494168793747736,114.42504973457964,30.489677237872783
433,114.43025863723962,30.485185681997827,114.44067644255956,30.494168793747736,114.43546753989959,30.489677237872783
434,114.44067644255956,30.485185681997827,114.45109424787951,30.494168793747736,114.44588534521954,30.489677237872783
435,114.45109424787951,30.485185681997827,114.46151205319946,30.494168793747736,114.45630315053948,30.489677237872783
436,114.46151205319946,30.485185681997827,114.4719298585194,30.494168793747736,114.46672095585943,30.489677237872783
437,114.4719298585194,30.485185681997827,114.48234766383935,30.494168793747736,114.47713876117938,30.489677237872783
438,114.48234766383935,30.485185681997827,114.4927654691593,30.494168793747736,114.48755656649932,30.489677237872783
439,114.4927654691593,30.485185681997827,114.50318327447924,30.494168793747736,114.49797437181927,30.489677237872783
440,114.50318327447924,30.485185681997827,114.51360107979919,30.494168793747736,114.50839217713921,30.489677237872783
441,114.51360107979919,30.485185681997827,114.52401888511913,30.494168793747736,114.51880998245916,30.489677237872783
442,114.52401888511913,30.485185681997827,114.53443669043908,30.494168793747736,114.5292277877791,30.489677237872783
443,114.53443669043908,30.485185681997827,114.54485449575903,30.494168793747736,114.53964559309905,30.489677237872783
444,114.54485449575903,30.485185681997827,114.55527230107897,30.494168793747736,114.550063398419,30.489677237872783
445,114.55527230107897,30.485185681997827,114.56569010639892,30.494168793747736,114.56048120373895,30.489677237872783
446,114.56569010639892,30.485185681997827,114.57610791171886,30.494168793747736,114.57089900905889,30.489677237872783
447,114.57610791171886,30.485185681997827,114.58652571703881,30.494168793747736,114.58131681437884,30.489677237872783
448,114.58652571703881,30.485185681997827,114.59694352235876,30.494168793747736,114.59173461969878,30.489677237872783
449,114.59694352235876,30.485185681997827,114.6073613276787,30.494168793747736,114.60215242501873,30.489677237872783
450,114.6073613276787,30.485185681997827,114.61777913299865,30.494168793747736,114.61257023033868,30.489677237872783
451,114.61777913299865,30.485185681997827,114.6281969383186,30.494168793747736,114.62298803565862,30.489677237872783
452,114.6281969383186,30.485185681997827,114.63861474363854,30.494168793747736,114.63340584097857,30.489677237872783
453,114.63861474363854,30.485185681997827,114.64903254895849,30.494168793747736,114.64382364629851,30.489677237872783
454,114.357334,30.494168793747736,114.36775180531994,30.503151905497646,114.36254290265997,30.498660349622693
455,114.36775180531994,30.494168793747736,114.37816961063989,30.503151905497646,114.37296070797991,30.498660349622693
456,114.37816961063989,30.494168793747736,114.38858741595983,30.503151905497646,114.38337851329986,30.498660349622693
457,114.38858741595983,30.494168793747736,114.39900522127978,30.503151905497646,114.3937963186198,30.498660349622693
458,114.39900522127978,30.494168793747736,114.40942302659973,30.503151905497646,114.40421412393975,30.498660349622693
459,114.40942302659973,30.494168793747736,114.41984083191967,30.503151905497646,114.4146319292597,30.498660349622693
460,114.41984083191967,30.494168793747736,114.43025863723962,30.503151905497646,114.42504973457964,30.498660349622693
461,114.43025863723962,30.494168793747736,114.44067644255956,30.503151905497646,114.43546753989959,30.498660349622693
462,114.44067644255956,30.494168793747736,114.45109424787951,30.503151905497646,114.44588534521954,30.498660349622693
463,114.45109424787951,30.494168793747736,114.46151205319946,30.503151905497646,114.45630315053948,30.498660349622693
464,114.46151205319946,30.494168793747736,114.4719298585194,30.503151905497646,114.46672095585943,30.498660349622693
465,114.4719298585194,30.494168793747736,114.48234766383935,30.503151905497646,114.47713876117938,30.498660349622693
466,114.48234766383935,30.494168793747736,114.4927654691593,30.503151905497646,114.48755656649932,30.498660349622693
467,114.4927654691593,30.494168793747736,114.50318327447924,30.503151905497646,114.49797437181927,30.498660349622693
468,114.50318327447924,30.494168793747736,114.51360107979919,30.503151905497646,114.50839217713921,30.498660349622693
469,114.51360107979919,30.494168793747736,114.52401888511913,30.503151905497646,114.51880998245916,30.498660349622693
470,114.52401888511913,30.494168793747736,114.53443669043908,30.503151905497646,114.5292277877791,30.498660349622693
471,114.53443669043908,30.494168793747736,114.54485449575903,30.503151905497646,114.53964559309905,30.498660349622693
472,114.54485449575903,30.494168793747736,114.55527230107897,30.503151905497646,114.550063398419,30.498660349622693
473,114.55527230107897,30.494168793747736,114.56569010639892,30.503151905497646,114.56048120373895,30.498660349622693
474,114.56569010639892,30.494168793747736,114.57610791171886,30.503151905497646,114.57089900905889,30.498660349622693
475,114.57610791171886,30.494168793747736,114.58652571703881,30.503151905497646,114.58131681437884,30.498660349622693
476,114.58652571703881,30.494168793747736,114.59694352235876,30.503151905497646,114.59173461969878,30.498660349622693
477,114.59694352235876,30.494168793747736,114.6073613276787,30.503151905497646,114.60215242501873,30.498660349622693
478,114.6073613276787,30.494168793747736,114.61777913299865,30.503151905497646,114.61257023033868,30.498660349622693
479,114.61777913299865,30.494168793747736,114.6281969383186,30.503151905497646,114.62298803565862,30.498660349622693
480,114.6281969383186,30.494168793747736,114.63861474363854,30.503151905497646,114.63340584097857,30.498660349622693
481,114.36775180531994,30.503151905497646,114.37816961063989,30.512135017247555,114.37296070797991,30.507643461372602
482,114.37816961063989,30.503151905497646,114.38858741595983,30.512135017247555,114.38337851329986,30.507643461372602
483,114.38858741595983,30.503151905497646,114.39900522127978,30.512135017247555,114.3937963186198,30.507643461372602
484,114.39900522127978,30.503151905497646,114.40942302659973,30.512135017247555,114.40421412393975,30.507643461372602
485,114.40942302659973,30.503151905497646,114.41984083191967,30.512135017247555,114.4146319292597,30.507643461372602
486,114.41984083191967,30.503151905497646,114.43025863723962,30.512135017247555,114.42504973457964,30.507643461372602
487,114.43025863723962,30.503151905497646,114.44067644255956,30.512135017247555,114.43546753989959,30.507643461372602
488,114.44067644255956,30.503151905497646,114.45109424787951,30.512135017247555,114.44588534521954,30.507643461372602
489,114.45109424787951,30.503151905497646,114.46151205319946,30.512135017247555,114.45630315053948,30.507643461372602
490,114.46151205319946,30.503151905497646,114.4719298585194,30.512135017247555,114.46672095585943,30.507643461372602
491,114.4719298585194,30.503151905497646,114.48234766383935,30.512135017247555,114.47713876117938,30.507643461372602
492,114.48234766383935,30.503151905497646,114.4927654691593,30.512135017247555,114.48755656649932,30.507643461372602
493,114.4927654691593,30.503151905497646,114.50318327447924,30.512135017247555,114.49797437181927,30.507643461372602
494,114.50318327447924,30.503151905497646,114.51360107979919,30.512135017247555,114.50839217713921,30.507643461372602
495,114.51360107979919,30.503151905497646,114.52401888511913,30.512135017247555,114.51880998245916,30.507643461372602
496,114.52401888511913,30.503151905497646,114.53443669043908,30.512135017247555,114.5292277877791,30.507643461372602
497,114.53443669043908,30.503151905497646,114.54485449575903,30.512135017247555,114.53964559309905,30.507643461372602
498,114.54485449575903,30.503151905497646,114.55527230107897,30.512135017247555,114.550063398419,30.507643461372602
499,114.55527230107897,30.503151905497646,114.56569010639892,30.512135017247555,114.56048120373895,30.507643461372602
500,114.56569010639892,30.503151905497646,114.57610791171886,30.512135017247555,114.57089900905889,30.507643461372602
501,114.57610791171886,30.503151905497646,114.58652571703881,30.512135017247555,114.58131681437884,30.507643461372602
502,114.58652571703881,30.503151905497646,114.59694352235876,30.512135017247555,114.59173461969878,30.507643461372602
503,114.59694352235876,30.503151905497646,114.6073613276787,30.512135017247555,114.60215242501873,30.507643461372602
504,114.6073613276787,30.503151905497646,114.61777913299865,30.512135017247555,114.61257023033868,30.507643461372602
505,114.61777913299865,30.503151905497646,114.6281969383186,30.512135017247555,114.62298803565862,30.507643461372602
506,114.6281969383186,30.503151905497646,114.63861474363854,30.512135017247555,114.63340584097857,30.507643461372602
507,114.36775180531994,30.512135017247555,114.37816961063989,30.521118128997465,114.37296070797991,30.51662657312251
508,114.37816961063989,30.512135017247555,114.38858741595983,30.521118128997465,114.38337851329986,30.51662657312251
509,114.38858741595983,30.512135017247555,114.39900522127978,30.521118128997465,114.3937963186198,30.51662657312251
510,114.39900522127978,30.512135017247555,114.40942302659973,30.521118128997465,114.40421412393975,30.51662657312251
511,114.40942302659973,30.512135017247555,114.41984083191967,30.521118128997465,114.4146319292597,30.51662657312251
512,114.41984083191967,30.512135017247555,114.43025863723962,30.521118128997465,114.42504973457964,30.51662657312251
513,114.43025863723962,30.512135017247555,114.44067644255956,30.521118128997465,114.43546753989959,30.51662657312251
514,114.44067644255956,30.512135017247555,114.45109424787951,30.521118128997465,114.44588534521954,30.51662657312251
515,114.45109424787951,30.512135017247555,114.46151205319946,30.521118128997465,114.45630315053948,30.51662657312251
516,114.46151205319946,30.512135017247555,114.4719298585194,30.521118128997465,114.46672095585943,30.51662657312251
517,114.4719298585194,30.512135017247555,114.48234766383935,30.521118128997465,114.47713876117938,30.51662657312251
518,114.48234766383935,30.512135017247555,114.4927654691593,30.521118128997465,114.48755656649932,30.51662657312251
519,114.4927654691593,30.512135017247555,114.50318327447924,30.521118128997465,114.49797437181927,30.51662657312251
520,114.50318327447924,30.512135017247555,114.51360107979919,30.521118128997465,114.50839217713921,30.51662657312251
521,114.51360107979919,30.512135017247555,114.52401888511913,30.521118128997465,114.51880998245916,30.51662657312251
522,114.52401888511913,30.512135017247555,114.53443669043908,30.521118128997465,114.5292277877791,30.51662657312251
523,114.53443669043908,30.512135017247555,114.54485449575903,30.521118128997465,114.53964559309905,30.51662657312251
524,114.54485449575903,30.512135017247555,114.55527230107897,30.521118128997465,114.550063398419,30.51662657312251
525,114.55527230107897,30.512135017247555,114.56569010639892,30.521118128997465,114.56048120373895,30.51662657312251
526,114.56569010639892,30.512135017247555,114.57610791171886,30.521118128997465,114.57089900905889,30.51662657312251
527,114.57610791171886,30.512135017247555,114.58652571703881,30.521118128997465,114.58131681437884,30.51662657312251
528,114.58652571703881,30.512135017247555,114.59694352235876,30.521118128997465,114.59173461969878,30.51662657312251
529,114.59694352235876,30.512135017247555,114.6073613276787,30.521118128997465,114.60215242501873,30.51662657312251
530,114.6073613276787,30.512135017247555,114.61777913299865,30.521118128997465,114.61257023033868,30.51662657312251
531,114.61777913299865,30.512135017247555,114.6281969383186,30.521118128997465,114.62298803565862,30.51662657312251
532,114.6281969383186,30.512135017247555,114.63861474363854,30.521118128997465,114.63340584097857,30.51662657312251
533,114.36775180531994,30.521118128997465,114.37816961063989,30.530101240747374,114.37296070797991,30.52560968487242
534,114.39900522127978,30.521118128997465,114.40942302659973,30.530101240747374,114.40421412393975,30.52560968487242
535,114.40942302659973,30.521118128997465,114.41984083191967,30.530101240747374,114.4146319292597,30.52560968487242
536,114.46151205319946,30.521118128997465,114.4719298585194,30.530101240747374,114.46672095585943,30.52560968487242
537,114.4719298585194,30.521118128997465,114.48234766383935,30.530101240747374,114.47713876117938,30.52560968487242
538,114.48234766383935,30.521118128997465,114.4927654691593,30.530101240747374,114.48755656649932,30.52560968487242
539,114.4927654691593,30.521118128997465,114.50318327447924,30.530101240747374,114.49797437181927,30.52560968487242
540,114.50318327447924,30.521118128997465,114.51360107979919,30.530101240747374,114.50839217713921,30.52560968487242
541,114.51360107979919,30.521118128997465,114.52401888511913,30.530101240747374,114.51880998245916,30.52560968487242
542,114.52401888511913,30.521118128997465,114.53443669043908,30.530101240747374,114.5292277877791,30.52560968487242
543,114.53443669043908,30.521118128997465,114.54485449575903,30.530101240747374,114.53964559309905,30.52560968487242
544,114.54485449575903,30.521118128997465,114.55527230107897,30.530101240747374,114.550063398419,30.52560968487242
545,114.55527230107897,30.521118128997465,114.56569010639892,30.530101240747374,114.56048120373895,30.52560968487242
546,114.56569010639892,30.521118128997465,114.57610791171886,30.530101240747374,114.57089900905889,30.52560968487242
547,114.57610791171886,30.521118128997465,114.58652571703881,30.530101240747374,114.58131681437884,30.52560968487242
548,114.58652571703881,30.521118128997465,114.59694352235876,30.530101240747374,114.59173461969878,30.52560968487242
549,114.59694352235876,30.521118128997465,114.6073613276787,30.530101240747374,114.60215242501873,30.52560968487242
550,114.6073613276787,30.521118128997465,114.61777913299865,30.530101240747374,114.61257023033868,30.52560968487242
551,114.61777913299865,30.521118128997465,114.6281969383186,30.530101240747374,114.62298803565862,30.52560968487242
552,114.6281969383186,30.521118128997465,114.63861474363854,30.530101240747374,114.63340584097857,30.52560968487242
553,114.46151205319946,30.530101240747374,114.4719298585194,30.539084352497284,114.46672095585943,30.53459279662233
554,114.4719298585194,30.530101240747374,114.48234766383935,30.539084352497284,114.47713876117938,30.53459279662233
555,114.48234766383935,30.530101240747374,114.4927654691593,30.539084352497284,114.48755656649932,30.53459279662233
556,114.4927654691593,30.530101240747374,114.50318327447924,30.539084352497284,114.49797437181927,30.53459279662233
557,114.50318327447924,30.530101240747374,114.51360107979919,30.539084352497284,114.50839217713921,30.53459279662233
558,114.51360107979919,30.530101240747374,114.52401888511913,30.539084352497284,114.51880998245916,30.53459279662233
559,114.52401888511913,30.530101240747374,114.53443669043908,30.539084352497284,114.5292277877791,30.53459279662233
560,114.53443669043908,30.530101240747374,114.54485449575903,30.539084352497284,114.53964559309905,30.53459279662233
561,114.54485449575903,30.530101240747374,114.55527230107897,30.539084352497284,114.550063398419,30.53459279662233
562,114.55527230107897,30.530101240747374,114.56569010639892,30.539084352497284,114.56048120373895,30.53459279662233
563,114.56569010639892,30.530101240747374,114.57610791171886,30.539084352497284,114.57089900905889,30.53459279662233
564,114.57610791171886,30.530101240747374,114.58652571703881,30.539084352497284,114.58131681437884,30.53459279662233
565,114.58652571703881,30.530101240747374,114.59694352235876,30.539084352497284,114.59173461969878,30.53459279662233
566,114.59694352235876,30.530101240747374,114.6073613276787,30.539084352497284,114.60215242501873,30.53459279662233
567,114.6073613276787,30.530101240747374,114.61777913299865,30.539084352497284,114.61257023033868,30.53459279662233
568,114.61777913299865,30.530101240747374,114.6281969383186,30.539084352497284,114.62298803565862,30.53459279662233
569,114.6281969383186,30.530101240747374,114.63861474363854,30.539084352497284,114.63340584097857,30.53459279662233
570,114.46151205319946,30.539084352497284,114.4719298585194,30.548067464247193,114.46672095585943,30.54357590837224
571,114.4719298585194,30.539084352497284,114.48234766383935,30.548067464247193,114.47713876117938,30.54357590837224
572,114.48234766383935,30.539084352497284,114.4927654691593,30.548067464247193,114.48755656649932,30.54357590837224
573,114.4927654691593,30.539084352497284,114.50318327447924,30.548067464247193,114.49797437181927,30.54357590837224
574,114.50318327447924,30.539084352497284,114.51360107979919,30.548067464247193,114.50839217713921,30.54357590837224
575,114.51360107979919,30.539084352497284,114.52401888511913,30.548067464247193,114.51880998245916,30.54357590837224
576,114.52401888511913,30.539084352497284,114.53443669043908,30.548067464247193,114.5292277877791,30.54357590837224
577,114.53443669043908,30.539084352497284,114.54485449575903,30.548067464247193,114.53964559309905,30.54357590837224
578,114.54485449575903,30.539084352497284,114.55527230107897,30.548067464247193,114.550063398419,30.54357590837224
579,114.55527230107897,30.539084352497284,114.56569010639892,30.548067464247193,114.56048120373895,30.54357590837224
580,114.56569010639892,30.539084352497284,114.57610791171886,30.548067464247193,114.57089900905889,30.54357590837224
581,114.57610791171886,30.539084352497284,114.58652571703881,30.548067464247193,114.58131681437884,30.54357590837224
582,114.58652571703881,30.539084352497284,114.59694352235876,30.548067464247193,114.59173461969878,30.54357590837224
583,114.59694352235876,30.539084352497284,114.6073613276787,30.548067464247193,114.60215242501873,30.54357590837224
584,114.6073613276787,30.539084352497284,114.61777913299865,30.548067464247193,114.61257023033868,30.54357590837224
585,114.61777913299865,30.539084352497284,114.6281969383186,30.548067464247193,114.62298803565862,30.54357590837224
586,114.6281969383186,30.539084352497284,114.63861474363854,30.548067464247193,114.63340584097857,30.54357590837224
587,114.4719298585194,30.548067464247193,114.48234766383935,30.557050575997103,114.47713876117938,30.55255902012215
588,114.48234766383935,30.548067464247193,114.4927654691593,30.557050575997103,114.48755656649932,30.55255902012215
589,114.4927654691593,30.548067464247193,114.50318327447924,30.557050575997103,114.49797437181927,30.55255902012215
590,114.50318327447924,30.548067464247193,114.51360107979919,30.557050575997103,114.50839217713921,30.55255902012215
591,114.51360107979919,30.548067464247193,114.52401888511913,30.557050575997103,114.51880998245916,30.55255902012215
592,114.52401888511913,30.548067464247193,114.53443669043908,30.557050575997103,114.5292277877791,30.55255902012215
593,114.53443669043908,30.548067464247193,114.54485449575903,30.557050575997103,114.53964559309905,30.55255902012215
594,114.54485449575903,30.548067464247193,114.55527230107897,30.557050575997103,114.550063398419,30.55255902012215
595,114.55527230107897,30.548067464247193,114.56569010639892,30.557050575997103,114.56048120373895,30.55255902012215
596,114.56569010639892,30.548067464247193,114.57610791171886,30.557050575997103,114.57089900905889,30.55255902012215
597,114.57610791171886,30.548067464247193,114.58652571703881,30.557050575997103,114.58131681437884,30.55255902012215
598,114.58652571703881,30.548067464247193,114.59694352235876,30.557050575997103,114.59173461969878,30.55255902012215
599,114.59694352235876,30.548067464247193,114.6073613276787,30.557050575997103,114.60215242501873,30.55255902012215
600,114.6073613276787,30.548067464247193,114.61777913299865,30.557050575997103,114.61257023033868,30.55255902012215
601,114.61777913299865,30.548067464247193,114.6281969383186,30.557050575997103,114.62298803565862,30.55255902012215
602,114.4719298585194,30.557050575997103,114.48234766383935,30.566033687747012,114.47713876117938,30.56154213187206
603,114.48234766383935,30.557050575997103,114.4927654691593,30.566033687747012,114.48755656649932,30.56154213187206
604,114.4927654691593,30.557050575997103,114.50318327447924,30.566033687747012,114.49797437181927,30.56154213187206
605,114.50318327447924,30.557050575997103,114.51360107979919,30.566033687747012,114.50839217713921,30.56154213187206
606,114.51360107979919,30.557050575997103,114.52401888511913,30.566033687747012,114.51880998245916,30.56154213187206
607,114.52401888511913,30.557050575997103,114.53443669043908,30.566033687747012,114.5292277877791,30.56154213187206
608,114.53443669043908,30.557050575997103,114.54485449575903,30.566033687747012,114.53964559309905,30.56154213187206
609,114.54485449575903,30.557050575997103,114.55527230107897,30.566033687747012,114.550063398419,30.56154213187206
610,114.55527230107897,30.557050575997103,114.56569010639892,30.566033687747012,114.56048120373895,30.56154213187206
611,114.56569010639892,30.557050575997103,114.57610791171886,30.566033687747012,114.57089900905889,30.56154213187206
612,114.57610791171886,30.557050575997103,114.58652571703881,30.566033687747012,114.58131681437884,30.56154213187206
613,114.58652571703881,30.557050575997103,114.59694352235876,30.566033687747012,114.59173461969878,30.56154213187206
614,114.59694352235876,30.557050575997103,114.6073613276787,30.566033687747012,114.60215242501873,30.56154213187206
615,114.6073613276787,30.557050575997103,114.61777913299865,30.566033687747012,114.61257023033868,30.56154213187206
616,114.61777913299865,30.557050575997103,114.6281969383186,30.566033687747012,114.62298803565862,30.56154213187206
617,114.4719298585194,30.566033687747012,114.48234766383935,30.57501679949692,114.47713876117938,30.57052524362197
618,114.48234766383935,30.566033687747012,114.4927654691593,30.57501679949692,114.48755656649932,30.57052524362197
619,114.4927654691593,30.566033687747012,114.50318327447924,30.57501679949692,114.49797437181927,30.57052524362197
620,114.50318327447924,30.566033687747012,114.51360107979919,30.57501679949692,114.50839217713921,30.57052524362197
621,114.55527230107897,30.566033687747012,114.56569010639892,30.57501679949692,114.56048120373895,30.57052524362197
622,114.56569010639892,30.566033687747012,114.57610791171886,30.57501679949692,114.57089900905889,30.57052524362197
623,114.57610791171886,30.566033687747012,114.58652571703881,30.57501679949692,114.58131681437884,30.57052524362197
624,114.58652571703881,30.566033687747012,114.59694352235876,30.57501679949692,114.59173461969878,30.57052524362197
625,114.59694352235876,30.566033687747012,114.6073613276787,30.57501679949692,114.60215242501873,30.57052524362197
626,114.4927654691593,30.57501679949692,114.50318327447924,30.58399991124683,114.49797437181927,30.57950835537188
627,114.56569010639892,30.57501679949692,114.57610791171886,30.58399991124683,114.57089900905889,30.57950835537188
628,114.57610791171886,30.57501679949692,114.58652571703881,30.58399991124683,114.58131681437884,30.57950835537188
629,114.58652571703881,30.57501679949692,114.59694352235876,30.58399991124683,114.59173461969878,30.57950835537188
